{"cameraMode":{"drawMode":0,"name":"Shaded","section":"Shading Mode"},"sceneLighting":true,"audioPlay":false,"sceneViewState":{"m_AlwaysRefresh":false,"showFog":true,"showSkybox":true,"showFlares":true,"showImageEffects":true,"showParticleSystems":true,"showVisualEffectGraphs":true,"m_FxEnabled":true},"in2DMode":false,"pivot":{"x":250.86270141601563,"y":10.626480102539063,"z":303.03533935546877},"rotation":{"x":-0.24919429421424867,"y":0.7178751826286316,"z":-0.3144155740737915,"w":-0.5689736008644104},"size":123.6565170288086,"orthographic":true}